LineID,Source,Topic,Text,Emotion,Direction,Filename
NHV_Q00_010_03,Q00.csv,SCN_Standoff,He's been saying that for an hour. I'm beginning to think he doesn't mean it.,Neutral,"Low, measured, almost conversational; keep the threat under the words.",NHV_Q00_010_03.wav
NHV_Q00_010_06,Q00.csv,SCN_Standoff,Ah. So it's Cicero these days.,Neutral,"Low, measured, almost conversational; keep the threat under the words.",NHV_Q00_010_06.wav
NHV_Q00_010_11,Q00.csv,Veyra_Standoff,"Veyra Othren. Once of Bravil, once of Cheydinhal, once of a dozen sanctuaries that don't exist anymore.",Neutral,"Low, measured, almost conversational; keep the threat under the words.",NHV_Q00_010_11.wav
NHV_Q00_010_12,Q00.csv,Veyra_Standoff,The family used to call me the Gleaner.,Neutral,"Low, measured, almost conversational; keep the threat under the words.",NHV_Q00_010_12.wav
NHV_Q00_010_14,Q00.csv,Veyra_Standoff,"After the harvest, someone walks the fields and gathers what the reapers left behind.",Neutral,"Low, measured, almost conversational; keep the threat under the words.",NHV_Q00_010_14.wav
NHV_Q00_010_15,Q00.csv,Veyra_Standoff,That was my work. I found the ones worth keeping.,Neutral,"Low, measured, almost conversational; keep the threat under the words.",NHV_Q00_010_15.wav
NHV_Q00_010_21,Q00.csv,Veyra_Standoff,No. It means someone trusted me with it once. You needn't repeat their judgment.,Neutral,"Low, measured, almost conversational; keep the threat under the words.",NHV_Q00_010_21.wav
NHV_Q00_010_23,Q00.csv,Veyra_Standoff,"Keep the blade, Nazir. I'd be more concerned if you welcomed me.",Happy,"Low, measured, almost conversational; keep the threat under the words.",NHV_Q00_010_23.wav
NHV_Q00_010_31,Q00.csv,Veyra_Standoff,"The family grows thin, and I come. It has always been that way.",Neutral,"Low, measured, almost conversational; keep the threat under the words.",NHV_Q00_010_31.wav
NHV_Q00_010_32,Q00.csv,Veyra_Standoff,So I came north. I found Falkreath in ashes. I was too late for them.,Sad,"Low, measured, almost conversational; keep the threat under the words.",NHV_Q00_010_32.wav
NHV_Q00_010_33,Q00.csv,Veyra_Standoff,I don't intend to be too late for you.,Neutral,"Low, measured, almost conversational; keep the threat under the words.",NHV_Q00_010_33.wav
NHV_Q00_010_42,Q00.csv,Veyra_Standoff,A sensible compromise.,Happy,"Low, measured, almost conversational; keep the threat under the words.",NHV_Q00_010_42.wav
NHV_Q00_010_51,Q00.csv,Veyra_Standoff,"Ask the Night Mother, Listener. If she refuses my help, I'll leave you to your prayers.",Neutral,"Low, measured, almost conversational; keep the threat under the words.",NHV_Q00_010_51.wav
NHV_Q00_010_61,Q00.csv,Veyra_Standoff,As you wish. I'll be at the Windpeak Inn.,Neutral,"Low, measured, almost conversational; keep the threat under the words.",NHV_Q00_010_61.wav
NHV_Q00_010_62,Q00.csv,Veyra_Standoff,I've waited longer than you would believe. A few more days won't trouble me.,Neutral,"Low, measured, almost conversational; keep the threat under the words.",NHV_Q00_010_62.wav
NHV_Q00_010_72,Q00.csv,Veyra_Standoff,It's exactly what a spy would do. So don't take my word for it. Take hers.,Neutral,"Low, measured, almost conversational; keep the threat under the words.",NHV_Q00_010_72.wav
NHV_Q00_010_73,Q00.csv,Veyra_Standoff,"Until she speaks, I'll remove myself from your threshold.",Neutral,"Low, measured, almost conversational; keep the threat under the words.",NHV_Q00_010_73.wav
NHV_Q00_010_92,Q00.csv,Veyra_StandoffTrust,"Yes. And now a stranger sits at their table, asking you to make room. I know what that looks like.",Sad,"Low, measured, almost conversational; keep the threat under the words.",NHV_Q00_010_92.wav
NHV_Q00_010_93,Q00.csv,Veyra_StandoffTrust,I won't ask you to mistake an empty chair for an invitation.,Sad,"Low, measured, almost conversational; keep the threat under the words.",NHV_Q00_010_93.wav
NHV_Q00_010_95,Q00.csv,Veyra_StandoffTrustFollow,Fairly said. I belonged somewhere once. I have been careless with the distinction.,Sad,"Low, measured, almost conversational; keep the threat under the words.",NHV_Q00_010_95.wav
NHV_Q00_010_96,Q00.csv,Veyra_StandoffTrustFollow,Ask the Mother whether I belong. I will wait elsewhere until you have your answer.,Sad,"Low, measured, almost conversational; keep the threat under the words.",NHV_Q00_010_96.wav
NHV_Q00_010_98,Q00.csv,Veyra_StandoffDelay,On the road. Late. Those are the only parts of the answer that matter.,Neutral,"Low, measured, almost conversational; keep the threat under the words.",NHV_Q00_010_98.wav
NHV_Q00_010_99,Q00.csv,Veyra_StandoffDelay,I could tell you how far I traveled. It wouldn't put anyone back in that chair.,Neutral,"Low, measured, almost conversational; keep the threat under the words.",NHV_Q00_010_99.wav
NHV_Q00_010_101,Q00.csv,Veyra_StandoffDelayFollow,With the Emperor's death still being planned? An unfamiliar face would have looked like a knife at your back.,Neutral,"Low, measured, almost conversational; keep the threat under the words.",NHV_Q00_010_101.wav
NHV_Q00_010_102,Q00.csv,Veyra_StandoffDelayFollow,I waited. Nazir has made a persuasive case that waiting improved nothing.,Neutral,"Low, measured, almost conversational; keep the threat under the words.",NHV_Q00_010_102.wav
NHV_Q00_010_104,Q00.csv,Veyra_StandoffMother,I have spoken with the Mother. Not in the way she speaks to you.,Neutral,"Low, measured, almost conversational; keep the threat under the words.",NHV_Q00_010_104.wav
NHV_Q00_010_105,Q00.csv,Veyra_StandoffMother,"That does not give me your place, Listener. Ask her whether she wants my help.",Neutral,"Low, measured, almost conversational; keep the threat under the words.",NHV_Q00_010_105.wav
NHV_Q00_010_107,Q00.csv,Veyra_StandoffMotherFollow,I hope she does. Hope is a poor witness. Ask her before you trust me.,Neutral,"Low, measured, almost conversational; keep the threat under the words.",NHV_Q00_010_107.wav
NHV_Q00_010_108,Q00.csv,Veyra_StandoffMotherFollow,Ask her. You needn't tell me what she says. Only what you decide.,Neutral,"Low, measured, almost conversational; keep the threat under the words.",NHV_Q00_010_108.wav
NHV_Q00_010_110,Q00.csv,Veyra_StandoffProof,Names can be stolen. Robes can be taken from a corpse. You already know what a remembered answer is worth.,Neutral,"Low, measured, almost conversational; keep the threat under the words.",NHV_Q00_010_110.wav
NHV_Q00_010_111,Q00.csv,Veyra_StandoffProof,"I can offer work you may judge. For tonight, I can offer only a claim you should question.",Neutral,"Low, measured, almost conversational; keep the threat under the words.",NHV_Q00_010_111.wav
NHV_Q00_010_113,Q00.csv,Veyra_StandoffProofFollow,Not by another story from me. You're right to notice.,Neutral,"Low, measured, almost conversational; keep the threat under the words.",NHV_Q00_010_113.wav
NHV_Q00_010_114,Q00.csv,Veyra_StandoffProofFollow,You have a Listener's privilege. Use it before you give a stranger a Listener's trust.,Neutral,"Low, measured, almost conversational; keep the threat under the words.",NHV_Q00_010_114.wav
NHV_Q00_010_116,Q00.csv,Veyra_StandoffGleaning,It isn't. Finding one who can put the knife away is considerably harder.,Neutral,"Low, measured, almost conversational; keep the threat under the words.",NHV_Q00_010_116.wav
NHV_Q00_010_117,Q00.csv,Veyra_StandoffGleaning,A family must sleep beside its own blades. I look for someone who understands that.,Neutral,"Low, measured, almost conversational; keep the threat under the words.",NHV_Q00_010_117.wav
NHV_Q00_010_119,Q00.csv,Veyra_StandoffGleaningFollow,"Respectable? No. Dependable, I hope. There is an important difference when the person beside you has a knife.",Neutral,"Low, measured, almost conversational; keep the threat under the words.",NHV_Q00_010_119.wav
NHV_Q00_010_120,Q00.csv,Veyra_StandoffGleaningFollow,I would rather hear an ugly truth at this table than discover a pretty lie in my bed.,Neutral,"Low, measured, almost conversational; keep the threat under the words.",NHV_Q00_010_120.wav
NHV_Q00_010_122,Q00.csv,Veyra_StandoffAuthority,"In the work, yes. I bring you names. You decide what becomes of them.",Neutral,"Low, measured, almost conversational; keep the threat under the words.",NHV_Q00_010_122.wav
NHV_Q00_010_123,Q00.csv,Veyra_StandoffAuthority,"And when I think you wrong, I will tell you while there is still time to matter.",Neutral,"Low, measured, almost conversational; keep the threat under the words.",NHV_Q00_010_123.wav
NHV_Q00_010_125,Q00.csv,Veyra_StandoffAuthorityFollow,It is an offer. You have the Mother's voice. You will still need someone willing to disagree with yours.,Neutral,"Low, measured, almost conversational; keep the threat under the words.",NHV_Q00_010_125.wav
NHV_Q00_010_126,Q00.csv,Veyra_StandoffAuthorityFollow,"Quietly, if you prefer. I have never found shouting improves advice.",Neutral,"Low, measured, almost conversational; keep the threat under the words.",NHV_Q00_010_126.wav
NHV_Q00_015_01,Q00.csv,Veyra_Inn,"Give me a moment, Listener. I know the way out.",Neutral,Intimate and restrained; sound old without sounding frail.,NHV_Q00_015_01.wav
NHV_Q00_015_11,Q00.csv,Veyra_Inn,Windpeak. Yes. I heard you.,Neutral,Intimate and restrained; sound old without sounding frail.,NHV_Q00_015_11.wav
NHV_Q00_015_21,Q00.csv,Veyra_Inn,Regret is for the living. I will try not to burden you with more.,Happy,Intimate and restrained; sound old without sounding frail.,NHV_Q00_015_21.wav
NHV_Q00_020_42,Q00.csv,Veyra_Inn,"The Mother first, Listener. I have nowhere else to be.",Neutral,Intimate and restrained; sound old without sounding frail.,NHV_Q00_020_42.wav
NHV_Q00_020_44,Q00.csv,Veyra_Inn,Still here. Still waiting. I am very good at both.,Happy,Intimate and restrained; sound old without sounding frail.,NHV_Q00_020_44.wav
NHV_Q00_020_46,Q00.csv,Veyra_InnWaiting,"Comfortable? No. Practiced. There is a difference, though I try not to advertise it.",Neutral,Intimate and restrained; sound old without sounding frail.,NHV_Q00_020_46.wav
NHV_Q00_020_47,Q00.csv,Veyra_InnWaiting,"The room is warm, and the innkeeper hasn't drawn a weapon. The evening has improved.",Neutral,Intimate and restrained; sound old without sounding frail.,NHV_Q00_020_47.wav
NHV_Q00_020_49,Q00.csv,Veyra_InnWaitingFollow,Then you won't have to send me away twice.,Neutral,Intimate and restrained; sound old without sounding frail.,NHV_Q00_020_49.wav
NHV_Q00_020_50,Q00.csv,Veyra_InnWaitingFollow,Now go. Waiting becomes rather less dignified when someone watches you do it.,Neutral,Intimate and restrained; sound old without sounding frail.,NHV_Q00_020_50.wav
NHV_Q00_030_32,Q00.csv,Veyra_Return,You went to the Mother. I can see it in your face.,Neutral,Intimate and restrained; sound old without sounding frail.,NHV_Q00_030_32.wav
NHV_Q00_030_34,Q00.csv,Veyra_Return,"Then I return to the door I crossed. Lead on, Listener.",Neutral,Intimate and restrained; sound old without sounding frail.,NHV_Q00_030_34.wav
NHV_Q00_030_40,Q00.csv,Veyra_Proposal,"Well? Am I to stand in your doorway, or be put to work?",Neutral,Intimate and restrained; sound old without sounding frail.,NHV_Q00_030_40.wav
NHV_Q00_030_42,Q00.csv,Veyra_Proposal,"Family. No one has said that word to me in a very long time. Thank you, Listener.",Happy,Intimate and restrained; sound old without sounding frail.,NHV_Q00_030_42.wav
NHV_Q00_030_44,Q00.csv,Veyra_Proposal,Then let me earn it. The Mother's word brought me through the door. It needn't put your doubts to rest.,Neutral,Intimate and restrained; sound old without sounding frail.,NHV_Q00_030_44.wav
NHV_Q00_030_46,Q00.csv,Veyra_Proposal,"My Dread Father had other work for me. I chose to answer, and it could not wait. Cicero bore the cost of that choice.",Neutral,Intimate and restrained; sound old without sounding frail.,NHV_Q00_030_46.wav
NHV_Q00_030_47,Q00.csv,Veyra_Proposal,Cicero stayed. The fool stayed. And he was right about one thing: silence still asks to be endured.,Neutral,Intimate and restrained; sound old without sounding frail.,NHV_Q00_030_47.wav
NHV_Q00_030_48,Q00.csv,Veyra_Proposal,Don't tell him I said that. He'd never let me forget it.,Happy,Intimate and restrained; sound old without sounding frail.,NHV_Q00_030_48.wav
NHV_Q00_030_50,Q00.csv,Veyra_Proposal,Then hear my proposal.,Neutral,Intimate and restrained; sound old without sounding frail.,NHV_Q00_030_50.wav
NHV_Q00_030_51,Q00.csv,Veyra_Proposal,"The family is currently two killers, a jester and a horse.",Happy,Intimate and restrained; sound old without sounding frail.,NHV_Q00_030_51.wav
NHV_Q00_030_52,Q00.csv,Veyra_Proposal,The family is currently two killers and a horse.,Happy,Intimate and restrained; sound old without sounding frail.,NHV_Q00_030_52.wav
NHV_Q00_030_54,Q00.csv,Veyra_Proposal,The Brotherhood has never posted notices. We watch.,Neutral,Intimate and restrained; sound old without sounding frail.,NHV_Q00_030_54.wav
NHV_Q00_030_55,Q00.csv,Veyra_Proposal,Across Skyrim there are people who have already crossed the line. Killers who don't yet know they're family.,Neutral,Intimate and restrained; sound old without sounding frail.,NHV_Q00_030_55.wav
NHV_Q00_030_56,Q00.csv,Veyra_Proposal,I keep a ledger of them.,Neutral,Intimate and restrained; sound old without sounding frail.,NHV_Q00_030_56.wav
NHV_Q00_030_76,Q00.csv,Veyra_Proposal,Then the ledger keeps a name and loses a hope. I do not drag souls through a door they choose to leave closed.,Neutral,Intimate and restrained; sound old without sounding frail.,NHV_Q00_030_76.wav
NHV_Q00_030_77,Q00.csv,Veyra_Proposal,The Listener decides who is tested. I only notice who has begun to listen.,Neutral,Intimate and restrained; sound old without sounding frail.,NHV_Q00_030_77.wav
NHV_Q00_030_58,Q00.csv,Veyra_Proposal,No. I want us to open it to the right strangers.,Neutral,Intimate and restrained; sound old without sounding frail.,NHV_Q00_030_58.wav
NHV_Q00_030_59,Q00.csv,Veyra_Proposal,"Every one of them watched, tested and judged. By the Listener. Not by me.",Neutral,Intimate and restrained; sound old without sounding frail.,NHV_Q00_030_59.wav
NHV_Q00_030_62,Q00.csv,Veyra_Proposal,"A family. A home that doesn't burn. And one day, perhaps, a name on a wall that someone bothers to remember.",Sad,Intimate and restrained; sound old without sounding frail.,NHV_Q00_030_62.wav
NHV_Q00_030_64,Q00.csv,Veyra_Proposal,Perhaps not. A test is a beginning. Watch what they do once they believe they've passed.,Neutral,Intimate and restrained; sound old without sounding frail.,NHV_Q00_030_64.wav
NHV_Q00_030_71,Q00.csv,Veyra_Proposal,I would expect nothing less.,Happy,Intimate and restrained; sound old without sounding frail.,NHV_Q00_030_71.wav
NHV_Q00_030_72,Q00.csv,Veyra_Proposal,One more thing. One of your walls is not what it pretends to be. Someone went to considerable trouble over it.,Neutral,Intimate and restrained; sound old without sounding frail.,NHV_Q00_030_72.wav
NHV_Q00_030_73,Q00.csv,Veyra_Proposal,"If we mean to build a family, we'll need somewhere to put it.",Neutral,Intimate and restrained; sound old without sounding frail.,NHV_Q00_030_73.wav
NHV_Q00_040_01,Q00.csv,SealedPassage,Help me with this. Stone remembers pressure better than flesh does.,Neutral,Restrained and deliberate; emotion: neutral.,NHV_Q00_040_01.wav
NHV_Q00_040_04,Q00.csv,SealedPassage,I have stood before many doors. Opening them is rarely the difficult part.,Neutral,Restrained and deliberate; emotion: neutral.,NHV_Q00_040_04.wav
NHV_Q00_040_05,Q00.csv,SealedPassage,The difficult part is deciding who should hear what waits beyond.,Neutral,Restrained and deliberate; emotion: neutral.,NHV_Q00_040_05.wav
NHV_Q00_040_10,Q00.csv,SCN_VeiledPassage,"This wall is lying. Stone does not hum like that. A veil, old and patient, over a doorway.",Neutral,Restrained and deliberate; emotion: neutral.,NHV_Q00_040_10.wav
NHV_Q00_040_12,Q00.csv,SCN_VeiledPassage,"Illusion is my trade, Nazir. Walls that pretend are the easiest to see through. Stand back.",Happy,Restrained and deliberate; emotion: happy.,NHV_Q00_040_12.wav
NHV_Q00_050_01,Q00.csv,SCN_DeepSanctuaryEntry,Nordic. Older than the sanctuary above. Someone sealed this for a reason.,Puzzled,Intimate and restrained; sound old without sounding frail.,NHV_Q00_050_01.wav
NHV_Q00_050_11,Q00.csv,SCN_DeepSanctuaryEntry,Stay close. Old stone has a talent for making a family feel alone.,Neutral,Intimate and restrained; sound old without sounding frail.,NHV_Q00_050_11.wav
NHV_Q00_050_16,Q00.csv,SCN_DeepSanctuaryEntry,Let the dark keep its room. We have work to do.,Neutral,Intimate and restrained; sound old without sounding frail.,NHV_Q00_050_16.wav
NHV_Q00_050_02,Q00.csv,SealedPassage,Well. Now we know the reason.,Happy,Restrained and deliberate; emotion: happy.,NHV_Q00_050_02.wav
NHV_Q00_050_03,Q00.csv,SealedPassage,A long table. A fire pit. Imagine it full.,Neutral,Restrained and deliberate; emotion: neutral.,NHV_Q00_050_03.wav
NHV_Q00_050_04,Q00.csv,SealedPassage,"This room will do for me. Quiet walls, a desk, and people who have not learned my habits yet.",Neutral,Restrained and deliberate; emotion: neutral.,NHV_Q00_050_04.wav
NHV_Q00_050_05,Q00.csv,SealedPassage,"Beds for a dozen. If we do this right, we'll need every one. If we fail, dust needs less room.",Neutral,Restrained and deliberate; emotion: neutral.,NHV_Q00_050_05.wav
NHV_Q00_050_06,Q00.csv,SealedPassage,A builder's record? Read it. I like to know who dug the hole I'm going to die in.,Happy,Restrained and deliberate; emotion: happy.,NHV_Q00_050_06.wav
NHV_Q00_060_01,Q00.csv,Veyra_Memorial,Festus. Gabriella. Arnbjorn. Veezara. I'll carve their names myself.,Sad,Quiet and grave; leave a small pause before names and after the final thought.,NHV_Q00_060_01.wav
NHV_Q00_060_75,Q00.csv,Veyra_Memorial,I know their names. That is enough to begin.,Neutral,Quiet and grave; leave a small pause before names and after the final thought.,NHV_Q00_060_75.wav
NHV_Q00_060_76,Q00.csv,Veyra_Memorial,The dead cannot correct a story. That is why I keep mine small.,Sad,Quiet and grave; leave a small pause before names and after the final thought.,NHV_Q00_060_76.wav
NHV_Q00_060_78,Q00.csv,Veyra_Memorial,The wall is for those we lost. The beds are for those we may yet find.,Neutral,Quiet and grave; leave a small pause before names and after the final thought.,NHV_Q00_060_78.wav
NHV_Q00_060_80,Q00.csv,Veyra_Memorial,A mess can be cleaned. An empty room is more stubborn.,Happy,Quiet and grave; leave a small pause before names and after the final thought.,NHV_Q00_060_80.wav
NHV_Q00_060_02,Q00.csv,Veyra_Memorial,And Cicero. I owed the Keeper more than a chisel. It's all I have left to give.,Sad,Quiet and grave; leave a small pause before names and after the final thought.,NHV_Q00_060_02.wav
NHV_Q00_060_03,Q00.csv,Veyra_Memorial,"And Astrid? She led them. She also sold them. Your call, Listener.",Neutral,Quiet and grave; leave a small pause before names and after the final thought.,NHV_Q00_060_03.wav
NHV_Q00_060_11,Q00.csv,Veyra_Memorial,"Mercy for the dead. The dead rarely deserve it, but they never complain.",Neutral,Quiet and grave; leave a small pause before names and after the final thought.,NHV_Q00_060_11.wav
NHV_Q00_060_21,Q00.csv,Veyra_Memorial,"Forgotten, then. The Void will remember her. We needn't.",Neutral,Quiet and grave; leave a small pause before names and after the final thought.,NHV_Q00_060_21.wav
NHV_Q00_060_31,Q00.csv,Veyra_Memorial,"Remembered, but not honored. I like the way you think.",Happy,Quiet and grave; leave a small pause before names and after the final thought.,NHV_Q00_060_31.wav
NHV_Q00_060_60,Q00.csv,Veyra_FirstContract,"Before Falkreath burned, the Night Mother heard a prayer from Hjaalmarch. A Black Sacrament.",Neutral,Intimate and restrained; sound old without sounding frail.,NHV_Q00_060_60.wav
NHV_Q00_060_61,Q00.csv,Veyra_FirstContract,No one answered it. There was no one left to answer.,Sad,Intimate and restrained; sound old without sounding frail.,NHV_Q00_060_61.wav
NHV_Q00_060_62,Q00.csv,Veyra_FirstContract,Let's find out what became of the one who performed it.,Neutral,Intimate and restrained; sound old without sounding frail.,NHV_Q00_060_62.wav
NHV_Q00_060_63,Q00.csv,Veyra_FirstContract,Take my ledger. Everything I know about our first candidate is in there. Try not to bleed on it.,Happy,Intimate and restrained; sound old without sounding frail.,NHV_Q00_060_63.wav
NHV_Q00_060_71,Q00.csv,Veyra_FirstContract,"They found the door by luck, not judgment. Luck is a fine thing. Judgment lasts longer.",Neutral,Intimate and restrained; sound old without sounding frail.,NHV_Q00_060_71.wav
NHV_Q00_060_72,Q00.csv,Veyra_FirstContract,I'll keep an eye on them.,Neutral,Intimate and restrained; sound old without sounding frail.,NHV_Q00_060_72.wav
NHV_Q01_050_01,Q01.csv,Veyra_TrialBriefing,Grief kills once. The second choice tells us what she is willing to carry.,Neutral,Intimate and restrained; sound old without sounding frail.,NHV_Q01_050_01.wav
NHV_Q01_050_08,Q01.csv,Veyra_TrialBriefing,The first death settled a grievance. The next will tell us whether she can act without one.,Neutral,Intimate and restrained; sound old without sounding frail.,NHV_Q01_050_08.wav
NHV_Q02_010_01,Q02.csv,Veyra_Q02_Brief,Windhelm's harbor has been giving back bodies. Four this season. The guards blame the cold.,Neutral,"Dry, controlled, observant; irony stays cold rather than playful.",NHV_Q02_010_01.wav
NHV_Q02_010_02,Q02.csv,Veyra_Q02_Brief,The cold does not tie knots.,Neutral,"Dry, controlled, observant; irony stays cold rather than playful.",NHV_Q02_010_02.wav
NHV_Q02_010_03,Q02.csv,Veyra_Q02_Brief,Find out who ties them. Then find out whether he can tie one without hating the neck inside it.,Neutral,"Dry, controlled, observant; irony stays cold rather than playful.",NHV_Q02_010_03.wav
NHV_Q02_050_60,Q02.csv,SCN_VeyraHollow,"Good evening, Sings-Beneath-Ice. You drown beautifully. You also drown loudly.",Neutral,"Dry, controlled, observant; irony stays cold rather than playful.",NHV_Q02_050_60.wav
NHV_Q02_050_62,Q02.csv,SCN_VeyraHollow,"He kills from hatred, Listener. Hatred is loud. The family is quiet.",Neutral,"Dry, controlled, observant; irony stays cold rather than playful.",NHV_Q02_050_62.wav
NHV_Q02_050_63,Q02.csv,SCN_VeyraHollow,"Aelius, the harbor clerk. He dies before dawn. By your hand, Sings.",Neutral,"Dry, controlled, observant; irony stays cold rather than playful.",NHV_Q02_050_63.wav
NHV_Q02_050_65,Q02.csv,SCN_VeyraHollow,"I ask you to kill without hating. If you cannot, you are a grudge with a knife.",Neutral,"Dry, controlled, observant; irony stays cold rather than playful.",NHV_Q02_050_65.wav
NHV_Q02_050_66,Q02.csv,SCN_VeyraHollow,"I will be in Dawnstar. Do not keep me waiting, Listener. Do not keep him waiting either.",Neutral,"Dry, controlled, observant; irony stays cold rather than playful.",NHV_Q02_050_66.wav
NHV_Q02_100_01,Q02.csv,Veyra_Q02_Debrief,He came. Good. He will read Veezara's name on the wall every night.,Happy,"Dry, controlled, observant; irony stays cold rather than playful.",NHV_Q02_100_01.wav
NHV_Q02_100_02,Q02.csv,Veyra_Q02_Debrief,"Gone south, then. I hope he finds something worth staying for.",Neutral,"Dry, controlled, observant; irony stays cold rather than playful.",NHV_Q02_100_02.wav
NHV_Q02_100_03,Q02.csv,Veyra_Q02_Debrief,...Sithis takes them all eventually.,Sad,"Dry, controlled, observant; irony stays cold rather than playful.",NHV_Q02_100_03.wav
NHV_Q02_100_04,Q02.csv,Veyra_Q02_Debrief,Handed to the Jarl. An interesting choice for a Listener.,Neutral,"Dry, controlled, observant; irony stays cold rather than playful.",NHV_Q02_100_04.wav
NHV_Q02_100_11,Q02.csv,Veyra_Q02_Debrief,A net of whispers cast over the docks. Someone high up is hauling it in.,Neutral,"Dry, controlled, observant; irony stays cold rather than playful.",NHV_Q02_100_11.wav
NHV_Q02_050_68,Q02.csv,SCN_VeyraHollow,Kindness is not innocence. A hand may soothe and still keep a list.,Neutral,"Dry, controlled, observant; irony stays cold rather than playful.",NHV_Q02_050_68.wav
NHV_Q02_050_69,Q02.csv,SCN_VeyraHollow,"You will learn what he kept. First, decide what you are keeping inside yourself.",Neutral,"Dry, controlled, observant; irony stays cold rather than playful.",NHV_Q02_050_69.wav
NHV_Q02_100_06,Q02.csv,Veyra_Q02_Debrief,"Truth can wear two faces, Listener. Your task is not to make one disappear.",Neutral,"Dry, controlled, observant; irony stays cold rather than playful.",NHV_Q02_100_06.wav
NHV_SYS_VEY_202,Sanctuary.csv,Veyra_Silence,Yes. Some nights I recite the words. Some nights I am angry enough to mean every one.,Neutral,Intimate and restrained; sound old without sounding frail.,NHV_SYS_VEY_202.wav
NHV_SYS_VEY_203,Sanctuary.csv,Veyra_Silence,Neither has made me the Listener. The candles burn just as well.,Neutral,Intimate and restrained; sound old without sounding frail.,NHV_SYS_VEY_203.wav
NHV_SYS_VEY_205,Sanctuary.csv,Veyra_SilenceFollow,Habit gets me to the shrine when faith would rather stay in bed.,Neutral,Intimate and restrained; sound old without sounding frail.,NHV_SYS_VEY_205.wav
NHV_SYS_VEY_206,Sanctuary.csv,Veyra_SilenceFollow,I used to be ashamed of needing it. Now I trim the wick.,Neutral,Intimate and restrained; sound old without sounding frail.,NHV_SYS_VEY_206.wav
NHV_SYS_VEY_208,Sanctuary.csv,Veyra_Recruiting,"What happens after the killing. The boast, the trembling hands, the sudden need to explain.",Neutral,Intimate and restrained; sound old without sounding frail.,NHV_SYS_VEY_208.wav
NHV_SYS_VEY_209,Sanctuary.csv,Veyra_Recruiting,I watch again when they think nobody cares. One murder tells me very little about a lifetime beside us.,Neutral,Intimate and restrained; sound old without sounding frail.,NHV_SYS_VEY_209.wav
NHV_SYS_VEY_211,Sanctuary.csv,Veyra_RecruitingFollow,I want honesty. Remorse can be honest. So can its absence.,Neutral,Intimate and restrained; sound old without sounding frail.,NHV_SYS_VEY_211.wav
NHV_SYS_VEY_212,Sanctuary.csv,Veyra_RecruitingFollow,A recruit who lies about why they killed will soon find reasons to lie about whom.,Neutral,Intimate and restrained; sound old without sounding frail.,NHV_SYS_VEY_212.wav
NHV_SYS_VEY_214,Sanctuary.csv,Veyra_Tenets,She kept people together. I won't pretend that was nothing.,Neutral,Intimate and restrained; sound old without sounding frail.,NHV_SYS_VEY_214.wav
NHV_SYS_VEY_215,Sanctuary.csv,Veyra_Tenets,But a family needs something it can hold its leader to. Especially when the leader is frightened.,Neutral,Intimate and restrained; sound old without sounding frail.,NHV_SYS_VEY_215.wav
NHV_SYS_VEY_217,Sanctuary.csv,Veyra_TenetsFollow,No. Nor does a locked door guarantee a quiet night. I would still advise closing it.,Neutral,Intimate and restrained; sound old without sounding frail.,NHV_SYS_VEY_217.wav
NHV_SYS_VEY_218,Sanctuary.csv,Veyra_TenetsFollow,We forbid betrayal because we are capable of it. Reciting the prohibition doesn't cure us.,Neutral,Intimate and restrained; sound old without sounding frail.,NHV_SYS_VEY_218.wav
NHV_SYS_VEY_220,Sanctuary.csv,Veyra_Illusion,I value knowing which part is false. There is a difference.,Neutral,Intimate and restrained; sound old without sounding frail.,NHV_SYS_VEY_220.wav
NHV_SYS_VEY_221,Sanctuary.csv,Veyra_Illusion,An illusion ends. A comforting belief can keep a fool occupied for years.,Neutral,Intimate and restrained; sound old without sounding frail.,NHV_SYS_VEY_221.wav
NHV_SYS_VEY_223,Sanctuary.csv,Veyra_IllusionFollow,Until the spell wears off. Then I have a frightened killer with an excellent reason to hate me.,Neutral,Intimate and restrained; sound old without sounding frail.,NHV_SYS_VEY_223.wav
NHV_SYS_VEY_224,Sanctuary.csv,Veyra_IllusionFollow,I need someone who chooses to return when I am not there to watch.,Neutral,Intimate and restrained; sound old without sounding frail.,NHV_SYS_VEY_224.wav
NHV_SYS_VEY_226,Sanctuary.csv,Veyra_Sithis,Do I? Then I have been speaking too confidently.,Neutral,Intimate and restrained; sound old without sounding frail.,NHV_SYS_VEY_226.wav
NHV_SYS_VEY_227,Sanctuary.csv,Veyra_Sithis,I know the prayers I was taught. I know what I have done in his name. Understanding is a larger claim.,Neutral,Intimate and restrained; sound old without sounding frail.,NHV_SYS_VEY_227.wav
NHV_SYS_VEY_229,Sanctuary.csv,Veyra_SithisFollow,It does. I can live with a question. I have had less luck living beside people certain of every answer.,Neutral,Intimate and restrained; sound old without sounding frail.,NHV_SYS_VEY_229.wav
NHV_SYS_VEY_230,Sanctuary.csv,Veyra_SithisFollow,"If you want my faith, I will speak of it. If you want certainty, I have none to sell.",Neutral,Intimate and restrained; sound old without sounding frail.,NHV_SYS_VEY_230.wav
NHV_SYS_VEY_232,Sanctuary.csv,Veyra_Remembrance,The dead hold still. The living have a habit of disappointing a neat account.,Sad,Intimate and restrained; sound old without sounding frail.,NHV_SYS_VEY_232.wav
NHV_SYS_VEY_233,Sanctuary.csv,Veyra_Remembrance,You should interrupt me when I forget which of you still needs feeding.,Sad,Intimate and restrained; sound old without sounding frail.,NHV_SYS_VEY_233.wav
NHV_SYS_VEY_235,Sanctuary.csv,Veyra_RemembranceFollow,Partly. A name on paper asks less of me than a person across the table.,Sad,Intimate and restrained; sound old without sounding frail.,NHV_SYS_VEY_235.wav
NHV_SYS_VEY_236,Sanctuary.csv,Veyra_RemembranceFollow,Bringing them here is the difficult part. It is also the part worth doing.,Sad,Intimate and restrained; sound old without sounding frail.,NHV_SYS_VEY_236.wav
