LineID,Quest,Stage,Topic,Speaker,VoiceType,Emotion,Value,Text,Conditions,Notes
NHV_Q02_010_5000,Q02,10,Enhanced_JournalObjective,Journal,-,Neutral,50,Investigate the bodies in Windhelm's harbor.,GetStage NHV_Q02_ColdWaters == 10,Enhanced draft; Objective or log is a preview subphase; no new Stage.
NHV_Q02_010_5001,Q02,10,Enhanced_JournalLog,Journal,-,Neutral,50,Veyra sent you to identify the hand behind the harbor deaths. Torbjorn's records and the workers' silence point toward the docks.,GetStage NHV_Q02_ColdWaters == 10,Enhanced draft; Objective or log is a preview subphase; no new Stage.
NHV_Q02_020_5002,Q02,20,Enhanced_JournalObjective,Journal,-,Neutral,50,Examine the latest victim.,GetStage NHV_Q02_ColdWaters == 20,Enhanced draft; Objective or log is a preview subphase; no new Stage.
NHV_Q02_020_5003,Q02,20,Enhanced_JournalLog,Journal,-,Neutral,50,"A marsh hitch and signs of a struggle offer a place to watch, not a culprit.",GetStage NHV_Q02_ColdWaters == 20,Enhanced draft; Objective or log is a preview subphase; no new Stage.
NHV_Q02_030_5004,Q02,30,Enhanced_JournalObjective,Journal,-,Neutral,50,Watch the docks at night.,GetStage NHV_Q02_ColdWaters == 30,Enhanced draft; Objective or log is a preview subphase; no new Stage.
NHV_Q02_030_5005,Q02,30,Enhanced_JournalLog,Journal,-,Neutral,50,"Haldor Frost-Knuckle was attacked after dark. Sings-Beneath-Ice fled or led you onward, depending on your intervention.",GetStage NHV_Q02_ColdWaters == 30,Enhanced draft; Objective or log is a preview subphase; no new Stage.
NHV_Q02_040_5006,Q02,40,Enhanced_JournalObjective,Journal,-,Neutral,50,Follow the killer without being seen.,GetStage NHV_Q02_ColdWaters == 40,Enhanced draft; Objective or log is a preview subphase; no new Stage.
NHV_Q02_040_5007,Q02,40,Enhanced_JournalLog,Journal,-,Neutral,50,The trail under the docks leads toward a hidden shore entrance.,GetStage NHV_Q02_ColdWaters == 40,Enhanced draft; Objective or log is a preview subphase; no new Stage.
NHV_Q02_050_5008,Q02,50,Enhanced_JournalObjective,Journal,-,Neutral,50,Confront Sings-Beneath-Ice.,GetStage NHV_Q02_ColdWaters == 50,Enhanced draft; Objective or log is a preview subphase; no new Stage.
NHV_Q02_050_5009,Q02,50,Enhanced_JournalLog,Journal,-,Neutral,50,Sings admitted the drownings. Veyra arrived only after you reported what he had done.,GetStage NHV_Q02_ColdWaters == 50,Enhanced draft; Objective or log is a preview subphase; no new Stage.
NHV_Q02_060_5010,Q02,60,Enhanced_JournalObjective,Journal,-,Neutral,50,Authorize and witness the Aelius trial.,GetStage NHV_Q02_ColdWaters == 60,Enhanced draft; Objective or log is a preview subphase; no new Stage.
NHV_Q02_060_5011,Q02,60,Enhanced_JournalLog,Journal,-,Neutral,50,"Veyra proposed a test against Aelius, whose kindness to Argonians made the choice harder.",GetStage NHV_Q02_ColdWaters == 60,Enhanced draft; Objective or log is a preview subphase; no new Stage.
NHV_Q02_070_5012,Q02,70,Enhanced_JournalObjective,Journal,-,Neutral,50,Decide Sings-Beneath-Ice's fate.,GetStage NHV_Q02_ColdWaters == 70,Enhanced draft; Objective or log is a preview subphase; no new Stage.
NHV_Q02_070_5013,Q02,70,Enhanced_JournalLog,Journal,-,Neutral,50,"Aelius is dead, but his list has not yet explained whether kindness and surveillance were both genuine.",GetStage NHV_Q02_ColdWaters == 70,Enhanced draft; Objective or log is a preview subphase; no new Stage.
NHV_Q02_100_5014,Q02,100,Enhanced_JournalObjective,Journal,-,Neutral,50,Report the outcome to Veyra.,GetStage NHV_Q02_ColdWaters == 100,Enhanced draft; Objective or log is a preview subphase; no new Stage.
NHV_Q02_100_5015,Q02,100,Enhanced_JournalLog,Journal,-,Neutral,50,Your report must name the actual killer and the decision you made about Sings.,GetStage NHV_Q02_ColdWaters == 100,Enhanced draft; Objective or log is a preview subphase; no new Stage.
NHV_Q02_100_5016,Q02,100,Enhanced_JournalObjective,Journal,-,Neutral,50,Compare Oculatus Fragment Two with earlier reports.,GetStage NHV_Q02_ColdWaters == 100,Enhanced draft; Objective or log is a preview subphase; no new Stage.
NHV_Q02_100_5017,Q02,100,Enhanced_JournalLog,Journal,-,Neutral,50,"The list identifies a northern desk, not its operator. Two matching knots make a pattern, not a culprit.",GetStage NHV_Q02_ColdWaters == 100,Enhanced draft; Objective or log is a preview subphase; no new Stage.
NHV_Q02_015_5200,Q02,15,Enhanced_JournalObjective,Journal,-,Neutral,50,Secure the sealed tidehouse log.,GetStage NHV_Q02_ColdWaters == 15,New mandatory research phase.
NHV_Q02_015_5201,Q02,15,Enhanced_JournalLog,Journal,-,Neutral,50,"The tidehouse ledger links late shifts, missing names, and Aelius's corrections, but still gives no killer.",GetStage NHV_Q02_ColdWaters == 15,
NHV_Q02_035_5300,Q02,35,Enhanced_JournalObjective,Journal,-,Neutral,50,Cross the salt yard and find the sluice.,GetStage NHV_Q02_ColdWaters == 35,New encounter phase.
NHV_Q02_035_5301,Q02,35,Enhanced_JournalLog,Journal,-,Neutral,50,Haldor's associates are searching the salt yard. Drinks-the-Brine points toward a forgotten sluice.,GetStage NHV_Q02_ColdWaters == 35,
NHV_Q02_055_5500,Q02,55,Enhanced_JournalObjective,Journal,-,Neutral,50,Watch Aelius before the trial begins.,GetStage NHV_Q02_ColdWaters == 55,
NHV_Q02_055_5501,Q02,55,Enhanced_JournalLog,Journal,-,Neutral,50,"Aelius's kindness at the harbor is real. That makes the hidden list a harder truth, not an easier one.",GetStage NHV_Q02_ColdWaters == 55,
NHV_Q02_070_5700,Q02,70,Enhanced_JournalObjective,Journal,-,Neutral,50,Stop the courier from sealing Aelius's desk.,GetStage NHV_Q02_ColdWaters == 70,
NHV_Q02_070_5701,Q02,70,Enhanced_JournalLog,Journal,-,Neutral,50,"An Imperial courier arrived after the death, carrying the same northern mark found in Aelius's papers.",GetStage NHV_Q02_ColdWaters == 70,
