LineID;Quest;Stage;Topic;Speaker;VoiceType;Emotion;Value;Text;Conditions;Notes
NHV_SYS_LUC_14;Sanctuary;-;Lucien_Cheydinhal;Player;-;Neutral;50;Tell me about your family in Cheydinhal.;GetGlobalValue NHV_Q00_LucienSummoned == 1;
NHV_SYS_LUC_15;Sanctuary;-;Lucien_Cheydinhal;Lucien;Vanilla;Neutral;30;Beneath an abandoned house, we made a home. Above us, respectable people locked their doors and slept.;GetGlobalValue NHV_Q00_LucienSummoned == 1;
NHV_SYS_LUC_16;Sanctuary;-;Lucien_Cheydinhal;Lucien;Vanilla;Happy;20;There had ever been discord in our midst, the kind that every family knows. But what bound us more than blood was pride in servitude to Our Lady.;GetGlobalValue NHV_Q00_LucienSummoned == 1;
NHV_SYS_LUC_17;Sanctuary;-;Lucien_Cheydinhal;Lucien;Vanilla;Sad;25;And yet… I remember their voices more distinctly than their kills. Even centuries cannot diminish the distant fondness I had for my Brothers and Sisters.;GetGlobalValue NHV_Q00_LucienSummoned == 1;
NHV_SYS_LUC_18;Sanctuary;-;Lucien_Speaker;Player;-;Neutral;50;What did being a Speaker demand of you?;GetGlobalValue NHV_Q00_LucienSummoned == 1;
NHV_SYS_LUC_19;Sanctuary;-;Lucien_Speaker;Lucien;Vanilla;Neutral;40;I served on the Black Hand. As Speaker, I carried the Listener's orders to those who would bring the Silence. A tradition you would do well to remember, Listener.;GetGlobalValue NHV_Q00_LucienSummoned == 1;
NHV_SYS_LUC_20;Sanctuary;-;Lucien_Speaker;Lucien;Vanilla;Neutral;30;Being a Speaker also meant speaking on behalf of those who bore promise. A aspiring murderer does not always recognize a vocation when it first presents itself.;GetGlobalValue NHV_Q00_LucienSummoned == 1;
NHV_SYS_LUC_21;Sanctuary;-;Lucien_Speaker;Lucien;Vanilla;Happy;15;Yet even then, this harvest had not always proven fruitful. At times, a sharpened blade cuts ever more recklessly. ;GetGlobalValue NHV_Q00_LucienSummoned == 1;
NHV_SYS_LUC_22;Sanctuary;-;Lucien_Betrayal;Player;-;Neutral;50;There had been a betrayal, I heard. How could such a thing come to be?;GetGlobalValue NHV_Q00_LucienSummoned == 1;
NHV_SYS_LUC_23;Sanctuary;-;Lucien_Betrayal;Lucien;Vanilla;Neutral;40;Mathieu Bellamont wore our trust as neatly as his robes. And discarded it just as easily His treachery was as calamitous as it was convincing. In the end, he turned our own virtue agains us. Our very Family.;GetGlobalValue NHV_Q00_LucienSummoned == 1;
NHV_SYS_LUC_24;Sanctuary;-;Lucien_Betrayal;Lucien;Vanilla;Sad;30;I was not without blame, Listener. I ordered the Purification of Cheydinhal. I had hoped to see the betrayer among the perished and made my Brothers and Sisters pay.;GetGlobalValue NHV_Q00_LucienSummoned == 1;
NHV_SYS_LUC_25;Sanctuary;-;Lucien_Betrayal;Lucien;Vanilla;Neutral;30;Then the Hand condemned me. They were very thorough about the killing. Rather less thorough about the proof. The only solace I find in this, is that I joined my fallen Family in the eternity of the Void.;GetGlobalValue NHV_Q00_LucienSummoned == 1;
NHV_SYS_LUC_26;Sanctuary;-;Lucien_SpectralService;Player;-;Neutral;50;What is service like without a living body?;GetGlobalValue NHV_Q00_LucienSummoned == 1;
NHV_SYS_LUC_27;Sanctuary;-;Lucien_SpectralService;Lucien;Vanilla;Happy;20;There is no pain in the Void. No restraint. Our Dread Father rewards us generously in His endless kingdom. ;GetGlobalValue NHV_Q00_LucienSummoned == 1;
NHV_SYS_LUC_28;Sanctuary;-;Lucien_SpectralService;Lucien;Vanilla;Neutral;35;Death has made me receptive to your realm in ways that life had never done. Such a shame, that the living remain wonderfully inventive about resisting it.;GetGlobalValue NHV_Q00_LucienSummoned == 1;
NHV_SYS_LUC_29;Sanctuary;-;Lucien_SpectralService;Lucien;Vanilla;Neutral;30;Even so, Sithis has my unrelenting loyalty. Therefore you shall have my counsel. For the moment, that arrangement suits me.;GetGlobalValue NHV_Q00_LucienSummoned == 1;
NHV_SYS_LUC_30;Sanctuary;-;Lucien_Listener;Player;-;Neutral;50;What do you expect of me as Listener?;GetGlobalValue NHV_Q00_LucienSummoned == 1;
NHV_SYS_LUC_31;Sanctuary;-;Lucien_Listener;Lucien;Vanilla;Neutral;40;The Night Mother has chosen. I have neither the appointment to contest nor a throne to reclaim. Neither does anyone in this Family and the next to come.;GetGlobalValue NHV_Q00_LucienSummoned == 1;
NHV_SYS_LUC_32;Sanctuary;-;Lucien_Listener;Lucien;Vanilla;Neutral;35;Yet if it is my counsel you seek, then I advise you to know the people carrying out your word. Look to Our Matron, Listener, and you’ll find that even she had waited to entrust her voice to the worthy.;GetGlobalValue NHV_Q00_LucienSummoned == 1;
NHV_SYS_LUC_33;Sanctuary;-;Lucien_Listener;Lucien;Vanilla;Happy;15;But of course, the Dead do have a peculiar understanding of time, don’t they? You alone must decide, whether trust deserves to arrive swiftly. ;GetGlobalValue NHV_Q00_LucienSummoned == 1;
NHV_SYS_LUC_34;Sanctuary;-;Lucien_Veyra;Player;-;Neutral;50;What was Veyra like when you knew her?;GetGlobalValue NHV_Q00_LucienSummoned == 1;
NHV_SYS_LUC_35;Sanctuary;-;Lucien_Veyra;Lucien;Vanilla;Happy;20;Much as you find her now. The same measured voice. The same disregard in her eyes when someone wastes her time.;GetGlobalValue NHV_Q00_LucienSummoned == 1;
NHV_SYS_LUC_36;Sanctuary;-;Lucien_Veyra;Lucien;Vanilla;Neutral;30;She was ever a visitor, not one of my assassins. Living alongside the family rather than in our midst.;GetGlobalValue NHV_Q00_LucienSummoned == 1;
NHV_SYS_LUC_37;Sanctuary;-;Lucien_Veyra;Lucien;Vanilla;Neutral;30;I found her reliable. I did not find her particularly eager to be understood.;GetGlobalValue NHV_Q00_LucienSummoned == 1;
NHV_SYS_LUC_38;Sanctuary;-;Lucien_Family;Player;-;Neutral;50;What holds a family like ours together?;GetGlobalValue NHV_Q00_LucienSummoned == 1;
NHV_SYS_LUC_39;Sanctuary;-;Lucien_Family;Lucien;Vanilla;Neutral;40;Devotion is our purpose. Conviction in our servitude to Death. And the trust we place in the crimson hands of our Brothers and Sisters to not coat themselves in our blood.;GetGlobalValue NHV_Q00_LucienSummoned == 1;
NHV_SYS_LUC_40;Sanctuary;-;Lucien_Family;Lucien;Vanilla;Neutral;30;The first is an easy lie. The second a practiced response. The last is built like stone upon stone, and can be just as diligently destroyed. ;GetGlobalValue NHV_Q00_LucienSummoned == 1;
NHV_SYS_LUC_41;Sanctuary;-;Lucien_Family;Lucien;Vanilla;Happy;15;Learn your Family as you learn your Enemies, Listener.;GetGlobalValue NHV_Q00_LucienSummoned == 1;
NHV_SYS_LUC_42;Sanctuary;-;Lucien_Reunion;Lucien;Vanilla;Neutral;30;You have found the hidden chambers. Long have I waited to fulfill my promise. The Family beckons, and I awaken.;GetStage NHV_Q00_ShadowAtTheDoor >= 50;
